{
       "type": "crafting_shapeless",
       "ingredients": [
           {
               "item": "minecraft:bone"
           },
           {
               "item": "minecraft:bone"
           },
           {
               "item": "minecraft:bone"
           },
           {
               "item": "minecraft:bone"
           },
           {
               "item": "minecraft:bone"
           },
           {
               "item": "minecraft:bone"
           },
           {
               "item": "minecraft:bone"
           },
           {
               "item": "minecraft:bone"
           },
           {
               "item": "minecraft:bone"
           }
       ],
       "result": {
           "item": "minecraft:birch_planks",
           "count": 3
       }
   }

